"V1","V2","V3","V4","V5"
NA,NA,NA,NA,NA
1,NA,NA,NA,NA
1,2,NA,NA,NA
1,2,3,NA,NA
1,2,3,4,NA
1,2,3,4,5
2,4,5,1,3
6,3,1,5,2
4,7,2,5,1
6,3,8,1,5
8,6,10,3,1
5,2,1,7,3
12,5,2,1,7
1,3,12,13,10
14,1,12,13,3
8,11,6,10,3
16,11,8,6,10
14,15,1,3,12
12,13,5,2,15
15,18,14,1,19
1,3,14,18,15
4,9,7,2,5
22,4,9,7,2
21,3,1,14,18
20,15,18,14,1
8,16,17,11,6
9,4,22,23,7
11,17,16,8,26
14,18,15,20,1
3,10,6,24,21
9,4,22,23,27
21,24,1,29,3
21,32,24,1,3
18,29,14,15,20
6,10,30,26,8
26,8,35,16,6
33,32,21,24,1
24,3,21,33,37
36,26,8,35,16
19,25,20,15,12
38,3,24,21,33
17,28,16,11,8
30,10,3,6,35
31,9,4,22,27
27,44,9,31,4
7,2,5,27,45
41,38,3,30,24
46,7,2,5,27
27,7,45,44,46
1,29,14,34,18
12,19,13,40,5
23,22,31,4,9
13,12,51,5,19
19,51,40,12,13
51,12,13,53,19
54,19,51,55,40
2,5,53,13,12
48,46,7,57,2
47,41,38,30,3
40,54,56,19,51
29,34,18,14,50
60,40,54,56,19
49,7,46,48,27
49,63,27,45,7
20,15,34,25,18
26,36,8,39,16
25,40,65,62,20
57,2,5,53,13
64,49,63,27,7
39,36,66,26,8
48,46,58,7,63
52,22,23,31,4
50,61,29,1,32
45,27,44,31,9
72,31,22,52,44
56,54,60,62,51
73,37,32,33,50
66,70,26,36,39
76,56,51,54,55
61,34,65,29,18
57,68,2,58,5
69,63,64,49,7
69,64,49,82,63
77,37,33,32,21
68,57,81,2,5
79,76,51,55,56
59,47,41,38,30
65,80,20,67,34
84,77,37,33,32
70,78,66,39,36
78,66,90,70,26
76,60,79,56,54
87,84,89,41,38
91,78,66,90,70
84,89,93,77,37
87,93,41,47,38
77,89,84,95,73
71,48,46,58,7
43,35,30,10,6
97,77,73,89,50
92,76,79,60,86
89,95,84,97,77
90,70,39,36,35
91,94,78,66,90
58,98,48,46,71
97,77,100,102,89
81,57,85,68,105
94,42,104,91,78
72,52,75,23,22
98,71,63,48,82
74,83,45,27,64
87,96,59,47,93
90,104,91,78,94
109,72,75,52,22
103,90,113,70,91
99,112,43,35,103
107,81,105,57,85
85,68,57,53,81
117,107,81,105,58
67,88,65,25,62
115,113,90,103,70
86,79,55,53,51
101,92,62,60,76
75,74,44,114,111
110,98,71,105,63
124,75,44,114,74
112,116,99,87,59
98,125,110,71,105
108,94,104,42,91
123,101,92,76,60
122,86,79,55,101
114,109,75,72,126
128,105,98,125,110
109,114,132,72,52
133,105,128,98,125
129,108,94,42,104
105,135,133,119,117
121,113,115,90,104
134,132,114,109,72
120,88,67,123,65
126,124,132,75,114
140,88,120,80,65
118,85,122,68,131
93,95,102,96,84
125,110,128,98,133
124,111,126,141,74
129,136,108,94,104
117,119,107,137,81
131,130,101,86,122
144,102,95,93,89
145,125,110,128,82
122,131,143,149,118
100,80,142,73,106
140,120,142,123,88
140,154,142,120,88
138,121,115,113,103
154,140,155,120,142
147,129,108,136,104
152,122,131,143,149
151,145,125,110,128
111,146,83,74,69
133,135,128,137,105
156,115,121,138,103
142,153,155,88,80
157,154,140,155,120
160,151,145,125,110
150,144,102,93,95
162,133,135,128,125
155,154,140,157,142
132,139,134,114,109
161,146,111,83,74
158,147,129,104,108
161,171,111,146,83
147,136,129,158,172
137,148,135,162,119
173,161,171,111,83
149,131,130,159,101
167,150,144,102,106
169,155,142,154,140
179,169,155,154,142
167,150,144,178,96
181,112,127,144,167
143,152,159,118,122
171,161,173,176,146
182,181,167,144,112
174,147,136,129,158
165,157,154,169,155
187,165,157,154,169
188,130,123,187,177
185,182,181,167,144
178,167,150,181,144
177,149,189,130,131
168,162,133,135,128
175,162,137,193,168
146,184,171,141,124
178,191,167,153,150
173,176,184,161,171
148,117,107,183,119
166,160,151,145,125
184,171,195,197,161
192,177,189,149,130
194,175,137,162,193
164,180,179,169,142
195,200,146,184,171
182,190,185,127,112
202,194,175,137,148
186,174,147,158,136
183,143,198,118,152
193,168,199,145,162
159,183,152,208,143
210,183,208,159,152
163,156,138,115,121
211,183,210,208,143
208,213,183,211,198
207,186,174,147,158
206,202,194,175,148
205,190,182,185,181
189,201,192,177,188
170,132,139,134,114
210,211,213,183,159
205,217,190,182,185
212,163,156,138,121
212,222,163,156,221
220,210,211,213,159
198,216,206,148,202
181,191,167,190,185
213,211,220,208,210
188,187,218,189,165
153,203,196,164,178
228,188,187,165,180
223,212,222,221,163
201,218,192,177,189
219,170,139,134,132
231,221,205,223,217
214,198,208,225,227
228,230,218,189,188
214,208,227,235,213
219,233,170,204,141
222,212,223,163,156
193,194,202,209,168
216,206,202,194,240
196,191,178,226,167
209,193,240,199,168
215,207,186,174,172
218,232,201,236,189
230,228,236,188,187
224,210,220,232,211
236,228,245,218,246
225,216,241,206,202
232,245,201,218,192
245,232,218,250,248
246,230,203,180,179
251,245,232,250,218
200,184,197,204,195
242,226,191,196,178
197,176,199,254,173
248,236,245,251,228
223,222,212,231,239
240,243,209,193,168
239,222,258,212,223
256,197,254,176,173
259,243,240,209,193
241,216,249,206,202
237,235,214,208,227
247,224,250,220,210
238,219,233,170,132
221,217,205,234,190
217,267,226,190,185
250,253,232,251,245
235,225,198,249,264
229,203,242,196,153
254,200,261,197,256
240,259,262,263,241
246,230,228,236,248
244,260,239,215,172
233,266,219,238,170
276,233,266,219,238
272,254,200,204,195
255,242,226,191,196
278,272,254,200,261
263,249,241,216,206
269,250,265,247,253
268,226,279,255,217
278,280,254,272,204
268,283,267,217,221
264,227,237,213,220
284,278,280,254,272
265,247,286,224,282
258,260,223,239,231
279,283,255,226,242
280,272,278,254,287
244,215,207,275,186
266,238,284,219,287
286,264,237,227,288
260,289,239,258,222
292,275,244,215,207
289,258,231,234,223
267,285,234,221,297
296,275,292,244,215
290,283,279,255,268
298,297,267,234,231
253,269,251,282,245
281,263,249,241,273
292,296,299,244,215
288,265,282,247,269
270,249,225,281,235
279,290,300,255,242
282,269,302,305,250
243,262,259,256,199
288,305,265,286,247
300,290,307,283,279
291,261,256,272,280
277,276,233,266,219
271,229,242,307,279
314,271,229,242,307
274,257,246,248,236
304,292,296,299,244
286,310,294,288,305
284,287,293,278,280
314,315,271,229,252
292,304,317,296,299
320,314,271,315,252
311,307,290,300,279
322,320,271,252,314
294,264,286,318,237
306,270,303,281,249
266,293,276,277,238
298,285,267,301,268
311,300,283,323,290
319,284,287,278,280
315,314,320,271,322
329,283,311,300,285
331,307,315,279,314
308,302,282,269,305
273,303,263,281,262
321,299,296,292,304
324,316,274,252,322
297,301,289,298,258
312,261,291,256,272
335,273,262,259,240
303,281,335,326,306
325,294,318,286,264
342,325,294,286,318
334,308,305,282,310
344,305,310,334,308
319,330,293,284,287
339,312,261,256,291
327,313,276,277,266
326,306,343,342,325
344,345,334,308,305
346,319,330,284,287
333,307,323,331,279
275,295,336,299,296
353,295,289,260,258
348,327,313,276,277
353,354,275,336,295
340,335,309,262,259
357,340,309,262,259
337,316,274,324,252
358,357,340,309,335
349,343,342,325,326
330,351,291,280,287
356,353,336,354,299
355,348,327,313,276
351,346,330,319,362
328,298,301,338,267
350,344,345,334,308
354,353,356,363,295
309,358,347,360,339
320,314,331,315,322
369,309,358,347,360
352,333,307,323,331
345,367,350,344,310
336,321,317,304,299
372,352,323,307,311
359,337,324,322,316
359,376,337,316,324
341,303,335,281,340
378,341,335,303,340
374,321,317,336,304
372,375,352,333,323
376,377,359,337,324
371,369,358,360,309
367,350,344,334,345
377,359,316,376,337
383,371,369,358,360
384,367,350,344,345
363,356,353,368,354
349,361,326,306,341
332,329,366,328,375
365,351,346,362,330
364,355,327,346,348
370,382,376,322,324
366,338,301,328,298
391,362,365,351,346
390,366,332,328,329
362,395,391,365,330
389,361,349,343,342
377,376,382,359,337
381,375,372,352,323
364,355,348,392,327
400,375,381,390,372
370,372,331,381,393
386,383,371,369,358
391,395,365,351,397
379,378,341,335,303
373,345,318,342,367
388,374,363,380,336
388,363,356,368,353
403,370,393,331,372
408,388,374,409,363
396,390,366,402,394
407,373,342,343,361
392,391,405,365,346
408,411,380,374,336
407,413,373,387,367
368,409,354,388,356
415,380,408,411,374
399,377,382,376,359
402,400,375,381,390
413,398,361,407,416
398,389,421,361,349
421,413,407,416,422
357,360,406,340,358
401,364,355,348,392
395,397,405,391,362
414,392,405,391,365
394,366,338,412,396
412,396,390,366,394
419,399,385,377,376
420,400,402,381,375
418,415,408,411,380
404,386,424,383,360
410,403,370,393,372
384,387,385,367,350
405,391,414,426,427
419,399,430,382,377
421,423,422,398,413
428,417,394,338,354
430,385,419,437,399
401,392,427,425,414
435,440,385,430,384
406,389,378,379,422
393,437,419,382,399
409,388,411,408,417
443,406,378,379,389
429,412,396,390,394
418,432,415,380,374
446,406,443,424,379
434,403,431,410,400
397,426,347,362,395
440,442,430,385,435
431,450,400,420,402
438,421,423,422,413
420,402,412,431,396
439,417,428,368,354
413,416,407,423,454
425,401,441,364,355
445,409,417,388,411
453,431,420,450,400
445,459,409,411,408
452,442,440,435,430
456,417,459,439,445
459,461,445,409,463
463,459,417,456,464
451,404,397,426,347
456,439,463,465,417
462,452,440,442,430
446,443,449,406,378
435,442,462,468,452
448,432,418,415,380
460,453,431,420,450
447,429,412,428,455
468,452,462,440,430
441,458,425,401,427
441,427,475,414,436
426,436,405,397,395
470,435,387,442,384
475,458,441,425,476
477,451,466,426,397
450,434,410,403,453
466,451,480,404,433
464,461,459,445,465
476,436,477,427,414
457,454,438,423,413
481,450,472,453,460
462,468,474,452,442
469,443,446,449,422
449,424,469,446,406
485,457,454,438,423
433,489,424,404,449
486,481,450,472,453
467,463,456,465,439
474,468,487,462,452
489,469,449,488,446
491,433,482,404,466
477,484,480,436,426
476,475,479,484,441
481,486,492,434,450
499,481,486,492,434
500,499,444,481,434
489,495,449,491,469
494,474,468,462,487
503,494,474,468,462
484,476,498,497,427
496,491,482,433,466
491,496,506,502,489
494,487,474,504,503
501,500,499,444,481
498,476,475,479,505
479,475,458,510,498
505,498,510,476,484
467,473,428,493,439
505,512,484,476,498
511,479,475,458,510
501,509,500,444,499
513,467,493,439,456
455,473,472,447,460
483,465,464,459,493
512,514,505,498,510
502,495,489,449,469
485,490,457,478,416
504,503,516,494,474
518,455,472,473,460
504,503,523,494,508
522,478,485,490,457
510,512,498,520,514
509,501,516,500,499
523,525,504,503,516
500,499,528,481,509
511,515,479,475,510
519,483,464,465,459
528,530,500,509,501
529,523,525,516,504
493,517,467,513,519
517,513,535,493,467
534,529,523,525,516
497,514,505,484,520
521,502,489,495,507
524,518,455,473,472
525,523,529,504,503
532,519,535,493,465
520,514,512,505,527
480,477,497,538,482
526,522,478,470,485
482,506,544,466,496
544,538,497,477,480
535,542,493,532,519
490,485,522,454,457
471,448,432,418,483
530,533,500,528,499
539,521,502,489,495
540,518,524,473,447
535,548,542,536,493
508,494,487,541,504
555,545,526,478,470
541,525,529,523,537
527,543,520,512,510
557,541,555,525,508
556,555,545,487,508
545,526,522,556,560
537,534,529,523,557
531,515,511,558,510
551,530,499,533,500
532,519,542,548,483
552,521,539,495,502
544,547,546,480,538
538,547,543,497,514
566,552,521,539,495
567,547,544,568,538
567,544,546,570,547
568,538,543,547,514
540,524,518,553,472
558,527,543,520,510
552,539,566,521,502
507,506,496,491,575
554,535,536,548,517
549,490,485,522,561
561,545,526,556,522
549,578,569,488,566
570,547,567,544,568
546,571,567,544,482
556,560,579,561,545
582,576,546,506,496
565,532,542,519,548
536,513,553,577,517
569,566,552,575,539
584,582,546,571,576
582,571,588,546,584
574,558,527,543,520
585,565,532,519,542
577,554,535,548,536
560,555,556,583,559
573,540,524,553,518
564,551,530,533,528
562,557,537,541,534
585,565,542,532,548
559,557,596,541,555
579,561,545,583,526
595,564,551,530,533
583,556,579,560,593
596,598,557,562,559
599,579,601,561,583
586,553,536,513,577
595,600,564,551,530
568,572,581,538,547
593,598,555,559,560
604,586,536,577,592
562,596,528,537,605
578,599,549,561,579
592,597,554,577,548
607,598,593,555,559
588,584,582,589,576
590,574,558,543,572
598,602,612,607,596
605,600,595,564,551
592,577,608,586,604
581,570,567,571,544
606,581,568,572,618
589,582,588,613,584
578,610,549,580,599
597,585,565,611,591
590,614,574,563,558
599,610,603,579,561
608,604,586,617,592
613,584,588,576,620
606,619,572,568,614
601,583,593,603,560
628,601,583,593,603
610,624,599,621,578
622,597,611,585,565
618,567,571,589,570
625,608,604,586,617
587,569,566,575,552
611,631,592,577,597
634,587,569,566,575
627,606,614,619,572
628,629,601,583,603
618,619,632,581,570
594,573,540,524,564
580,621,578,549,634
615,602,598,596,612
637,627,614,606,590
609,605,616,595,600
629,628,638,601,593
617,635,592,611,577
641,621,580,578,549
616,600,595,605,640
596,642,602,615,609
639,619,618,606,581
631,622,597,611,635
550,591,585,622,565
622,651,631,597,585
636,634,587,575,566
620,589,613,588,582
632,618,639,650,655
626,613,584,576,588
654,636,634,575,587
651,653,631,622,597
638,628,603,645,601
659,651,653,631,622
648,616,600,605,595
652,591,550,653,622
658,654,575,636,634
664,658,657,654,575
646,617,635,592,611
664,665,658,654,575
612,607,593,615,598
633,604,625,608,586
654,636,634,658,664
663,652,591,550,653
662,648,616,600,605
668,645,607,612,629
644,649,609,596,642
630,624,610,599,660
673,668,645,629,607
650,639,656,618,632
656,677,632,618,639
665,667,664,658,654
641,647,634,636,670
644,674,662,616,609
680,634,641,636,670
657,626,613,655,620
681,644,674,662,616
650,619,627,677,639
666,635,646,611,651
676,673,645,638,629
623,614,590,563,574
640,594,669,573,648
647,641,680,621,682
671,663,652,591,653
687,676,673,668,645
649,642,674,602,615
679,667,664,665,658
671,663,652,691,591
687,692,676,645,673
694,664,667,679,658
669,633,625,608,604
682,680,641,690,634
683,657,626,613,655
655,683,678,620,656
699,682,680,634,670
693,649,674,642,596
672,662,648,684,616
695,691,671,663,652
677,678,650,685,639
670,697,654,658,694
688,623,614,563,590
684,681,704,672,662
706,677,685,650,678
686,659,661,651,653
701,655,683,678,620
704,672,662,709,648
696,660,687,692,638
706,710,677,678,685
713,704,672,662,648
700,679,657,683,665
666,686,646,711,617
711,661,653,659,651
676,673,692,668,687
643,685,637,614,627
714,696,687,692,660
698,718,669,633,625
712,701,678,655,715
718,686,666,723,646
702,699,682,680,707
707,697,694,670,658
719,711,661,659,653
714,722,675,660,696
698,689,669,723,633
703,693,649,720,674
691,705,719,695,671
717,700,683,657,679
726,702,707,699,727
709,684,681,704,713
723,725,718,698,666
727,697,694,707,679
730,698,689,723,669
721,685,710,643,637
732,705,691,695,671
720,731,673,676,668
731,703,693,741,720
726,699,702,734,680
733,717,700,683,657
738,730,689,698,669
729,714,722,696,675
742,731,703,741,693
744,733,700,712,683
732,740,691,719,705
741,720,692,747,676
745,689,716,738,730
708,688,721,623,739
735,713,709,704,716
745,738,730,751,689
727,737,707,734,697
738,730,723,698,754
752,708,688,721,739
737,717,694,733,744
737,755,727,758,697
751,716,713,704,753
747,742,741,731,750
725,718,736,686,723
757,752,688,721,708
756,738,730,754,745
758,759,737,717,744
751,760,754,745,689
746,729,714,722,696
767,746,722,729,714
743,726,690,699,702
739,710,715,706,685
748,724,712,701,744
770,715,710,706,739
739,770,721,772,685
767,768,746,729,714
746,774,729,767,768
744,733,748,765,717
760,751,766,716,713
759,758,765,737,755
763,757,752,721,773
765,758,778,776,744
780,765,758,778,776
749,719,728,732,740
764,756,754,738,745
772,770,715,706,710
740,749,732,782,705
771,724,784,748,712
769,743,726,699,690
742,735,747,731,703
771,748,786,776,744
786,771,789,748,724
753,735,788,709,713
791,788,735,753,709
782,749,785,732,740
779,763,757,773,721
776,789,748,744,771
753,777,791,760,792
786,790,771,789,784
783,764,756,754,738
766,751,754,745,783
762,782,728,793,711
775,774,746,767,729
794,779,763,773,757
762,736,725,800,718
803,762,736,756,798
788,792,791,747,742
787,743,734,726,769
787,806,769,743,726
750,741,761,720,747
799,766,754,745,751
806,807,787,743,769
784,772,797,786,770
785,740,749,793,732
801,775,769,787,807
812,785,740,749,732
752,757,763,779,794
800,782,793,728,719
802,794,773,779,739
778,781,780,765,758
789,790,797,786,771
801,774,775,767,768
800,803,762,804,816
811,797,784,786,790
806,810,807,755,734
823,806,810,807,787
808,750,761,741,747
793,782,785,812,816
804,803,821,798,783
805,788,825,747,742
805,792,788,791,828
807,810,787,806,769
809,799,766,798,751
831,809,799,766,751
827,804,803,798,821
826,793,782,816,785
833,827,804,803,798
820,801,774,767,768
821,800,816,803,762
836,820,768,774,808
796,791,792,753,829
817,802,794,773,779
826,834,793,785,812
827,833,835,803,804
837,816,800,821,834
836,820,801,838,774
825,808,838,750,761
822,811,797,784,786
811,846,822,784,772
841,826,812,785,834
832,839,777,796,831
846,822,811,797,847
823,818,824,778,806
850,846,822,811,847
846,852,850,847,822
815,802,794,779,840
795,819,776,789,818
839,796,849,791,792
843,837,816,800,821
842,827,833,835,821
813,844,801,820,836
849,832,831,856,839
848,812,814,841,826
855,818,795,781,780
856,849,860,839,796
824,823,810,806,830
828,829,805,788,792
865,829,828,805,788
836,838,844,820,859
831,832,809,798,799
864,824,823,806,810
858,842,833,835,827
829,866,865,839,792
856,839,871,863,829
851,818,862,823,778
866,865,871,829,828
868,831,832,809,798
873,862,851,818,855
850,852,819,846,855
830,813,859,864,807
845,825,808,838,828
877,850,852,846,853
878,864,830,869,807
875,868,870,835,833
880,877,850,852,846
860,863,849,856,839
875,868,831,832,860
874,871,866,865,829
867,838,836,879,844
882,875,868,885,870
871,886,874,872,866
847,840,853,817,846
834,841,826,857,848
865,866,874,828,879
877,880,883,850,852
859,844,878,813,820
867,887,844,836,894
891,841,848,834,826
878,894,859,881,813
882,870,888,875,835
855,862,893,877,876
884,860,885,849,863
869,864,881,824,823
884,900,860,863,849
889,886,874,871,866
890,847,853,840,817
903,886,874,866,889
854,815,840,802,794
898,882,888,875,868
900,885,902,884,860
906,854,815,840,802
879,892,845,887,825
887,910,879,867,895
901,869,864,881,878
904,890,840,847,817
858,870,857,837,843
883,880,904,853,890
912,881,901,878,864
913,904,890,840,906
913,904,917,890,915
893,877,883,880,915
908,900,885,902,884
891,896,857,914,843
916,881,878,897,912
910,911,879,887,892
873,876,851,862,912
910,923,892,879,911
911,887,895,867,923
915,904,918,890,913
892,925,905,910,865
926,911,887,923,895
903,889,886,871,872
909,906,854,815,917
914,921,857,858,837
920,908,885,900,888
905,903,886,930,889
899,919,893,877,855
927,904,915,918,890
921,891,896,932,857
930,889,872,903,902
916,922,912,901,881
933,907,888,882,875
926,929,895,887,911
932,914,921,937,858
931,909,906,854,815
928,925,892,905,934
937,921,891,932,942
912,939,916,901,922
902,938,920,908,884
924,876,873,935,899
940,933,907,888,920
907,940,949,898,882
919,935,893,899,877
938,930,947,903,889
927,936,915,904,918
942,950,914,932,907
947,902,920,908,952
939,946,916,922,912
953,927,936,915,904
955,947,902,920,908
944,925,928,923,910
956,939,946,916,922
952,938,930,947,934
955,947,958,952,902
917,913,918,904,906
959,925,944,923,910
957,953,936,927,915
943,906,909,931,963
934,961,930,903,952
954,942,932,914,950
941,926,929,895,894
966,943,931,909,906
946,956,960,939,912
971,960,956,946,939
942,968,945,932,937
948,924,946,971,876
963,917,913,966,918
954,968,942,950,932
951,935,899,919,948
959,964,944,928,925
977,951,935,919,899
967,944,978,934,928
966,970,943,931,906
950,949,940,907,933
962,947,958,955,952
982,949,940,950,933
982,950,984,949,940
974,948,924,977,935
986,974,948,924,977
965,957,953,936,927
896,861,891,937,848
977,986,987,979,935
971,972,946,974,956
987,986,974,990,948
983,961,952,938,962
976,968,954,942,985
984,949,958,955,933
991,971,972,946,960
964,978,959,923,925
981,966,970,963,975
982,985,984,949,950
983,962,958,955,947
995,958,1000,955,962
985,982,999,994,976
973,945,937,921,942
979,977,951,990,935
974,987,992,986,948
1001,995,1000,958,955
999,985,982,1002,984
989,1003,945,937,896
989,1008,896,861,1003
981,970,998,966,943
984,999,1007,982,995
978,997,964,959,980
994,976,968,1002,954
969,941,997,929,926
1004,988,957,979,965
972,996,971,960,956
1011,995,1006,984,1001
969,1016,960,956,1014
1008,1003,1009,989,945
1019,1003,1008,945,973
996,991,1016,971,972
1012,978,997,964,959
1016,1021,996,972,971
997,1014,1012,964,1022
1004,979,977,1015,951
1005,992,987,986,974
980,1022,967,1012,978
1014,1024,997,969,941
988,965,1015,957,953
1029,988,965,1015,957
998,1010,981,966,970
1000,983,1006,1001,962
1013,994,976,968,1002
1023,1016,1021,996,972
1020,1003,1019,1008,973
993,983,1032,1000,961
1036,1032,993,1000,983
1011,1017,984,999,995
1019,1020,1035,1008,1003
1018,1016,1023,1034,960
1013,1033,994,1002,976
1040,1018,1016,1034,1023
1033,1013,1041,994,976
1035,1003,1020,1039,973
1044,1035,1020,1003,1039
1007,999,1011,1038,985
1018,1014,969,1028,1042
1009,989,1008,1019,1039
1039,1019,1008,1020,1035
1046,1007,1038,1011,999
1024,1012,997,1022,978
1030,1029,988,1015,965
975,1031,1029,963,1030
1028,1014,1024,1047,1051
1043,1033,1044,1045,1003
1053,1031,975,998,963
1010,1031,998,981,970
1037,1032,1036,1000,983
1052,1030,1015,1029,988
1026,990,992,987,986
1021,1034,996,1023,991
1047,1018,1042,1040,969
1026,1005,1060,992,987
1048,1009,1049,1008,1019
1028,1054,1024,1014,1051
1057,1010,1031,981,998
1034,1023,1016,1040,1021
1062,1047,1018,1042,1040
1048,1064,1009,989,1008
1051,1012,1022,1024,997
1027,1022,1012,980,1070
1059,1052,1015,1030,1029
1064,1049,1019,1039,1069
1047,1054,1068,1062,1028
1070,1051,1024,1065,1012
1046,1050,1007,1041,1002
1066,1057,1010,1031,998
1038,1017,1011,1050,1046
1060,1063,1026,990,992
1076,1050,1046,1007,1038
1074,1047,1054,1068,1028
1042,1040,1062,1068,1018
1036,1037,1027,1071,993
1034,1061,1067,1023,1021
1061,1084,1021,1034,1023
1031,1057,1077,1066,1056
1055,1043,1044,1033,1045
1076,1041,1080,1033,1013
1071,1027,1083,1022,980
1079,1060,1063,1026,990
1075,1070,1051,1065,1024
1083,1036,1089,1037,1058
1067,1040,1084,1034,1042
1072,1059,1015,1052,1030
1081,1074,1047,1068,1062
1093,1067,1040,1082,1042
1045,1044,1035,1087,1020
1088,1041,1076,1033,1080
1087,1055,1097,1043,1044
1091,1070,1075,1051,1022
1095,1081,1074,1047,1068
1078,1038,1017,1080,1050
1085,1061,1063,1084,1026
1064,1069,1073,1048,1049
1086,1056,1031,1057,1077
1099,1087,1097,1055,1044
1102,1078,1038,1017,1080
1063,1103,1026,1079,1060
1105,1086,1056,1053,1031
1097,1106,1099,1087,1045
1110,1097,1106,1099,1045
1089,1071,1027,1083,1092
1106,1099,1110,1111,1087
1094,1025,1072,1059,1004
1090,1114,1079,1060,1025
1107,1102,1058,1032,1078
1116,1058,1032,1037,1107
1115,1114,1090,1079,1025
1052,1030,1029,1072,1059
1107,1102,1078,1116,1038
1115,1118,1090,1079,1060
1080,1076,1102,1050,1046
1108,1063,1103,1079,1090
1094,1114,1072,1059,1118
1120,1107,1102,1116,1078
1118,1115,1114,1121,1124
1126,1118,1114,1115,1121
1098,1088,1076,1041,1080
1113,1106,1099,1087,1110
1128,1098,1088,1041,1076
1120,1107,1125,1102,1078
1117,1058,1116,1092,1037
1113,1129,1106,1110,1111
1119,1052,1072,1059,1030
1128,1098,1130,1088,1076
1116,1125,1117,1120,1107
1132,1092,1117,1083,1058
1105,1109,1086,1077,1057
1124,1114,1094,1127,1126
1101,1095,1068,1081,1074
1132,1137,1117,1092,1058
1138,1077,1066,1105,1086
1111,1110,1097,1133,1113
1131,1120,1125,1102,1107
1123,1108,1090,1121,1079
1091,1100,1065,1075,1070
1082,1140,1096,1068,1062
1085,1103,1084,1061,1067
1146,1065,1081,1101,1054
1143,1111,1097,1110,1133
1136,1125,1116,1131,1120
1127,1126,1114,1118,1139
1141,1132,1117,1137,1116
1144,1131,1120,1125,1107
1153,1117,1132,1141,1137
1138,1109,1105,1086,1142
1126,1118,1152,1115,1121
1146,1149,1100,1091,1075
1112,1089,1071,1100,1091
1133,1129,1113,1110,1111
1124,1139,1094,1114,1134
1139,1161,1124,1152,1114
1145,1121,1157,1123,1090
1138,1156,1142,1105,1109
1150,1143,1104,1073,1111
1135,1128,1122,1130,1098
1119,1134,1156,1109,1053
1134,1119,1167,1161,1072
1128,1130,1166,1135,1098
1123,1108,1103,1145,1148
1162,1139,1152,1114,1124
1162,1171,1139,1161,1124
1137,1141,1132,1153,1092
1147,1096,1093,1082,1067
1165,1150,1143,1104,1073
1156,1167,1109,1138,1164
1148,1084,1174,1085,1103
1149,1146,1158,1101,1065
1147,1174,1082,1140,1096
1175,1165,1150,1143,1104
1179,1147,1174,1140,1082
1174,1177,1179,1096,1093
1181,1147,1179,1140,1101
1160,1133,1129,1113,1106
1166,1169,1135,1128,1122
1158,1146,1100,1178,1149
1170,1123,1145,1108,1163
1152,1157,1171,1172,1127
1182,1177,1174,1148,1093
1177,1148,1189,1182,1170
1143,1150,1165,1160,1184
1170,1187,1190,1148,1103
1161,1162,1172,1171,1139
1142,1164,1138,1156,1105
1192,1190,1148,1170,1177
1163,1145,1157,1121,1188
1178,1149,1158,1146,1186
1182,1189,1174,1177,1179
1196,1163,1157,1145,1121
1155,1153,1141,1132,1137
1200,1155,1153,1151,1136
1168,1193,1161,1134,1119
1185,1166,1135,1122,1169
1201,1200,1155,1153,1141
1202,1193,1161,1168,1134
1200,1204,1201,1155,1153
1197,1178,1158,1149,1146
1191,1165,1150,1175,1180
1159,1112,1186,1089,1100
1194,1142,1164,1138,1077
1164,1156,1194,1176,1138
1203,1185,1166,1169,1135
1191,1208,1184,1160,1143
1199,1196,1157,1188,1163
1205,1202,1193,1161,1168
1201,1204,1206,1200,1151
1208,1191,1213,1165,1150
1173,1200,1206,1137,1141
1180,1175,1208,1165,1217
1183,1140,1181,1179,1147
1188,1214,1171,1152,1172
1214,1199,1196,1221,1157
1206,1204,1200,1201,1216
1190,1177,1189,1195,1198
1193,1172,1221,1171,1162
1183,1220,1181,1179,1147
1209,1159,1218,1173,1112
1187,1170,1192,1163,1196
1186,1158,1207,1209,1146
1219,1180,1175,1165,1104
1222,1214,1199,1196,1221
1215,1205,1193,1202,1225
1194,1210,1211,1164,1142
1229,1207,1186,1197,1158
1229,1209,1186,1234,1159
1224,1189,1198,1182,1177
1220,1226,1197,1183,1140
1213,1184,1191,1160,1217
1216,1201,1223,1204,1206
1237,1220,1226,1183,1140
1232,1215,1193,1205,1225
1240,1237,1220,1226,1183
1203,1212,1185,1166,1169
1237,1242,1240,1197,1220
1233,1194,1210,1211,1164
1218,1173,1227,1200,1223
1219,1230,1180,1175,1208
1228,1199,1196,1231,1222
1245,1233,1210,1194,1211
1238,1213,1184,1217,1191
1217,1208,1213,1191,1219
1218,1246,1223,1200,1206
1211,1245,1233,1194,1249
1244,1237,1242,1240,1220
1228,1192,1187,1195,1170
1234,1229,1207,1186,1197
1241,1232,1215,1205,1225
1229,1235,1256,1234,1186
1247,1230,1219,1180,1251
1242,1240,1237,1220,1254
1235,1258,1229,1209,1256
1249,1245,1233,1210,1194
1248,1228,1231,1199,1196
1227,1246,1209,1261,1235
1167,1176,1253,1168,1202
1224,1236,1190,1189,1177
1256,1234,1207,1197,1258
1264,1227,1246,1209,1261
1226,1260,1220,1183,1181
1247,1259,1219,1251,1230
1252,1223,1206,1200,1218
1268,1264,1227,1209,1261
1255,1228,1263,1248,1187
1252,1271,1218,1246,1223
1253,1265,1211,1176,1245
1272,1261,1268,1235,1264
1246,1264,1268,1252,1274
1262,1245,1249,1233,1253
1276,1272,1268,1264,1261
1225,1221,1257,1241,1188
1239,1243,1216,1154,1201
1271,1239,1274,1223,1216
1274,1271,1252,1282,1223
1254,1244,1267,1237,1242
1277,1264,1268,1246,1272
1269,1226,1260,1220,1181
1275,1265,1253,1211,1176
1251,1270,1247,1259,1217
1285,1268,1264,1272,1277
1263,1248,1231,1222,1214
1280,1257,1225,1241,1232
1250,1238,1169,1212,1184
1281,1239,1282,1216,1243
1292,1250,1238,1184,1213
1283,1274,1252,1271,1277
1280,1291,1221,1290,1225
1293,1281,1239,1282,1216
1257,1265,1241,1232,1215
1256,1267,1258,1234,1229
1288,1251,1270,1250,1217
1259,1270,1247,1230,1288
1279,1276,1272,1289,1268
1261,1302,1276,1258,1279
1288,1300,1270,1251,1259
1283,1295,1271,1274,1282
1296,1280,1291,1290,1221
1286,1269,1236,1266,1198
1287,1275,1265,1253,1298
1289,1302,1272,1279,1268
1305,1283,1282,1271,1295
1309,1302,1289,1279,1272
1306,1296,1280,1290,1291
1255,1273,1266,1224,1195
1307,1286,1269,1236,1266
1308,1265,1287,1298,1275
1282,1310,1305,1271,1283
1260,1286,1269,1242,1254
1297,1293,1281,1243,1203
1299,1267,1256,1303,1258
1298,1257,1291,1241,1232
1295,1305,1283,1274,1277
1317,1284,1260,1254,1242
1312,1306,1296,1290,1280
1308,1287,1275,1315,1265
1322,1284,1317,1254,1260
1313,1273,1255,1266,1224
1300,1250,1288,1294,1238
1278,1324,1253,1275,1262
1306,1296,1312,1323,1280
1319,1299,1267,1256,1303
1311,1309,1302,1289,1279
1322,1325,1317,1260,1284
1301,1304,1270,1259,1288
1294,1292,1327,1250,1238
1333,1301,1304,1270,1288
1329,1291,1296,1306,1312
1333,1335,1301,1304,1259
1303,1319,1299,1330,1258
1316,1297,1293,1282,1310
1328,1278,1262,1249,1245
1290,1323,1312,1263,1306
1328,1340,1278,1324,1253
1317,1332,1322,1325,1260
1328,1342,1324,1308,1340
1338,1303,1319,1299,1330
1304,1300,1288,1335,1333
1320,1298,1291,1336,1257
1343,1317,1332,1286,1322
1298,1347,1320,1315,1257
1314,1307,1266,1286,1236
1342,1328,1340,1344,1278
1292,1334,1294,1318,1243
1344,1342,1324,1328,1351
1350,1314,1307,1286,1348
1351,1340,1342,1328,1344
1326,1313,1350,1266,1354
1356,1326,1313,1350,1266
1348,1354,1343,1317,1286
1352,1334,1292,1294,1327
1335,1333,1337,1346,1301
1325,1332,1322,1343,1317
1338,1345,1330,1319,1299
1321,1295,1305,1310,1285
1355,1351,1340,1342,1328
1331,1363,1309,1311,1289
1327,1334,1294,1359,1300
1329,1336,1323,1312,1306
1310,1316,1305,1339,1363
1354,1358,1350,1314,1307
1362,1330,1319,1338,1345
1343,1348,1317,1332,1358
1368,1310,1305,1363,1316
1356,1326,1357,1313,1273
1352,1359,1318,1292,1334
1362,1345,1338,1370,1303
1368,1372,1339,1316,1310
1341,1290,1373,1323,1263
1376,1339,1368,1316,1372
1369,1358,1354,1350,1348
1354,1369,1350,1379,1314
1359,1352,1334,1374,1292
1365,1363,1321,1331,1309
1375,1362,1345,1338,1303
1346,1366,1327,1300,1304
1374,1352,1381,1359,1334
1341,1377,1367,1323,1312
1377,1373,1341,1326,1386
1381,1359,1334,1366,1352
1364,1355,1340,1351,1342
1362,1375,1383,1370,1345
1386,1367,1323,1329,1312
1378,1339,1376,1297,1293
1347,1367,1336,1320,1329
1378,1376,1392,1368,1339
1394,1378,1392,1376,1339
1361,1370,1325,1330,1322
1353,1324,1315,1308,1344
1370,1390,1396,1362,1330
1385,1374,1381,1352,1359
1356,1357,1373,1326,1313
1360,1384,1346,1335,1333
1353,1344,1364,1351,1342
1400,1380,1357,1350,1356
1382,1363,1365,1372,1321
1397,1402,1353,1344,1324
1392,1395,1394,1378,1318
1372,1368,1376,1394,1378
1401,1360,1335,1384,1333
1387,1377,1373,1386,1341
1395,1394,1392,1378,1376
1365,1382,1383,1331,1404
1366,1388,1384,1327,1381
1406,1392,1410,1395,1394
1409,1387,1377,1373,1386
1398,1390,1370,1362,1396
1393,1349,1347,1320,1298
1414,1409,1387,1377,1373
1400,1403,1357,1356,1373
1384,1401,1408,1346,1360
1410,1395,1394,1392,1378
1385,1399,1374,1352,1381
1389,1364,1355,1340,1351
1416,1397,1349,1405,1347
1412,1388,1366,1381,1359
1379,1358,1371,1369,1348
1411,1383,1375,1365,1390
1406,1421,1413,1392,1374
1394,1420,1410,1407,1395
1424,1412,1388,1366,1381
1400,1418,1373,1356,1403
1405,1402,1397,1353,1344
1407,1404,1428,1372,1368
1421,1385,1399,1427,1374
1404,1382,1432,1363,1407
1393,1367,1391,1416,1336
1426,1383,1390,1375,1415
1426,1436,1383,1411,1375
1432,1407,1428,1372,1368
1431,1405,1397,1402,1423
1416,1393,1435,1423,1347
1386,1391,1377,1414,1409
1423,1416,1397,1439,1440
1430,1418,1400,1403,1356
1430,1443,1417,1400,1414
1403,1380,1418,1379,1369
1433,1421,1399,1385,1427
1439,1431,1405,1397,1402
1399,1446,1381,1388,1385
1415,1398,1390,1436,1370
1431,1402,1447,1439,1405
1425,1371,1361,1396,1343
1429,1424,1412,1366,1388
1425,1451,1371,1379,1358
1445,1403,1418,1443,1380
1432,1434,1438,1404,1407
1441,1386,1391,1435,1377
1408,1401,1419,1360,1384
1437,1426,1436,1411,1383
1428,1420,1410,1395,1394
1448,1446,1433,1421,1399
1455,1432,1438,1434,1407
1445,1454,1403,1380,1418
1452,1419,1412,1429,1384
1452,1429,1424,1412,1463
1453,1425,1451,1371,1379
1459,1420,1410,1413,1428
1450,1447,1431,1439,1402
1466,1459,1413,1420,1410
1449,1415,1398,1396,1390
1458,1411,1426,1437,1434
1459,1466,1428,1468,1420
1469,1449,1415,1398,1436
1456,1441,1386,1391,1435
1427,1468,1406,1466,1413
1442,1440,1416,1423,1393
1457,1408,1401,1419,1360
1457,1476,1408,1419,1401
1469,1472,1449,1415,1396
1436,1449,1458,1437,1472
1473,1456,1441,1386,1414
1475,1440,1416,1442,1423
1451,1465,1453,1425,1478
1478,1469,1482,1472,1451
1471,1459,1428,1466,1438
1481,1435,1440,1475,1393
1476,1457,1477,1408,1401
1480,1473,1414,1417,1441
1473,1456,1480,1441,1485
1485,1488,1435,1473,1456
1461,1455,1434,1432,1438
1470,1458,1426,1411,1437
1489,1488,1485,1435,1473
1472,1469,1479,1449,1478
1460,1448,1446,1433,1421
1454,1462,1445,1443,1418
1468,1466,1459,1471,1474
1467,1447,1439,1450,1431
1497,1467,1447,1439,1431
1479,1493,1458,1436,1472
1481,1485,1475,1440,1489
1482,1465,1453,1451,1425
1464,1463,1452,1429,1424
1490,1461,1455,1484,1438
1495,1454,1462,1445,1443
1490,1491,1470,1503,1455
1488,1473,1492,1480,1456
1502,1463,1452,1464,1477
1444,1487,1443,1430,1495
1499,1479,1493,1458,1436
1475,1442,1498,1497,1481
1493,1499,1509,1479,1472
1422,1467,1450,1389,1497
1495,1504,1454,1462,1443
1509,1499,1479,1511,1458
1507,1502,1463,1464,1452
1462,1504,1495,1454,1445
1512,1467,1450,1422,1497
1494,1460,1448,1464,1502
1513,1495,1504,1508,1443
1505,1491,1470,1490,1503
1514,1509,1499,1479,1511
1518,1464,1502,1494,1448
1501,1482,1465,1453,1451
1519,1508,1513,1495,1504
1494,1460,1518,1446,1522
1474,1525,1496,1468,1427
1504,1513,1495,1516,1519
1491,1520,1521,1470,1505
1486,1476,1477,1457,1408
1526,1474,1525,1496,1468
1530,1526,1525,1474,1494
1497,1498,1467,1447,1450
1513,1527,1519,1504,1495
1506,1488,1492,1489,1473
1515,1507,1502,1463,1464
1528,1521,1491,1520,1514
1534,1492,1489,1485,1488
1532,1498,1497,1510,1467
1526,1530,1531,1474,1496
1535,1515,1507,1502,1463
1531,1530,1526,1539,1525
1510,1475,1481,1500,1538
1532,1538,1497,1498,1467
1540,1535,1507,1515,1502
1537,1534,1489,1492,1485
1493,1511,1472,1478,1469
1514,1509,1521,1511,1499
1540,1535,1544,1515,1507
1541,1531,1530,1526,1539
1508,1524,1487,1519,1533
1539,1526,1530,1531,1549
1522,1518,1494,1525,1502
1543,1532,1538,1497,1498
1534,1506,1488,1473,1480
1547,1511,1509,1514,1499
1516,1527,1504,1523,1533
1505,1520,1503,1490,1528
1557,1520,1505,1528,1536
1557,1558,1505,1520,1503
1523,1482,1501,1483,1546
1558,1559,1557,1520,1505
1547,1555,1521,1514,1509
1551,1539,1526,1530,1549
1484,1471,1496,1503,1563
1529,1486,1476,1477,1457
1560,1523,1501,1482,1483
1562,1547,1555,1521,1514
1557,1559,1564,1503,1561
1558,1561,1559,1557,1520
1565,1529,1486,1476,1477
1548,1540,1535,1544,1515
1536,1528,1567,1562,1521
1553,1543,1532,1538,1517
1571,1548,1544,1540,1535
1550,1508,1524,1487,1554
1554,1534,1506,1575,1480
1563,1551,1539,1549,1526
1553,1543,1573,1538,1532
1565,1570,1529,1486,1476
1571,1552,1522,1574,1548
1546,1560,1555,1566,1478
1578,1553,1543,1573,1538
1545,1537,1534,1554,1576
1550,1575,1524,1519,1533
1581,1546,1560,1566,1555
1576,1554,1575,1550,1534
1573,1517,1512,1578,1553
1572,1567,1536,1528,1562
1556,1516,1523,1527,1566
1552,1525,1549,1541,1518
1586,1576,1554,1575,1550
1589,1556,1527,1533,1516
1581,1585,1546,1555,1562
1569,1558,1561,1559,1557
1574,1544,1570,1548,1571
1588,1594,1572,1569,1558
1577,1563,1551,1539,1549
1596,1594,1588,1569,1572
1591,1575,1586,1576,1550
1588,1596,1572,1598,1594
1594,1569,1559,1561,1557
1601,1594,1569,1559,1561
1587,1573,1578,1582,1553
1584,1575,1550,1524,1599
1564,1568,1597,1563,1601
1601,1602,1568,1559,1557
1579,1570,1565,1595,1529
1604,1584,1533,1575,1550
1589,1556,1592,1566,1523
1582,1578,1573,1553,1543
1586,1591,1576,1554,1599
1585,1581,1593,1560,1546
1610,1582,1578,1553,1543
1597,1605,1577,1563,1564
1612,1585,1581,1593,1560
1593,1585,1581,1612,1615
1597,1577,1563,1551,1549
1580,1590,1552,1522,1518
1592,1608,1584,1604,1533
1618,1590,1552,1580,1525
1592,1589,1619,1609,1556
1583,1545,1537,1534,1611
1609,1566,1589,1560,1615
1622,1583,1545,1537,1611
1610,1613,1582,1578,1573
1607,1579,1570,1565,1595
1617,1590,1620,1577,1597
1619,1608,1621,1592,1604
1583,1624,1611,1622,1576
1617,1597,1614,1577,1627
1623,1609,1566,1615,1560
1622,1624,1542,1613,1583
1618,1580,1620,1571,1552
1599,1591,1586,1611,1575
1603,1587,1625,1573,1610
1627,1617,1590,1630,1620
1629,1624,1583,1611,1622
1626,1607,1579,1570,1565
1631,1623,1566,1609,1615
1611,1629,1637,1591,1586
1632,1613,1542,1610,1622
1633,1580,1571,1574,1618
1609,1589,1623,1621,1631
1631,1639,1623,1643,1609
1640,1611,1634,1591,1586
1638,1626,1607,1579,1565
1641,1613,1610,1632,1625
1638,1626,1646,1607,1579
1638,1648,1626,1607,1646
1595,1649,1638,1626,1607
1635,1587,1603,1573,1625
1637,1629,1624,1622,1583
1605,1614,1564,1630,1597
1653,1614,1605,1630,1597
1643,1644,1623,1609,1631
1639,1631,1644,1623,1615
1650,1595,1649,1638,1626
1594,1598,1602,1601,1596
1630,1617,1597,1614,1654
1658,1602,1594,1601,1598
1636,1627,1617,1620,1590
1634,1599,1645,1591,1586
1651,1635,1587,1603,1573
1625,1610,1613,1635,1582
1655,1644,1623,1631,1639
1642,1633,1618,1580,1571
1664,1635,1625,1603,1610
1658,1660,1598,1596,1594
1615,1612,1656,1616,1639
1666,1642,1633,1618,1580
1622,1624,1652,1632,1637
1621,1628,1619,1592,1643
1657,1650,1649,1638,1626
1616,1593,1669,1612,1585
1674,1600,1588,1668,1567
1670,1666,1642,1633,1618
1660,1658,1668,1602,1601
1672,1621,1643,1628,1619
1649,1648,1638,1626,1646
1664,1625,1667,1610,1613
1653,1606,1677,1605,1660
1659,1630,1654,1614,1597
1670,1676,1666,1642,1633
1628,1619,1672,1678,1608
1681,1653,1654,1605,1606
1662,1634,1645,1599,1640
1676,1666,1670,1683,1633
1685,1681,1653,1654,1605
1677,1660,1658,1668,1681
1689,1677,1660,1658,1668
1682,1659,1630,1617,1627
1669,1674,1615,1612,1616
1689,1690,1677,1660,1668
1679,1648,1646,1649,1638
1665,1655,1644,1643,1631
1632,1641,1671,1647,1622
1673,1657,1650,1679,1649
1691,1682,1659,1630,1617
1669,1692,1656,1615,1639
1652,1637,1629,1640,1671
1663,1651,1635,1667,1603
1680,1647,1664,1613,1641
1684,1672,1678,1628,1619
1697,1673,1679,1657,1650
1683,1670,1676,1666,1642
1699,1692,1669,1656,1615
1686,1662,1634,1645,1599
1687,1620,1661,1618,1676
1682,1691,1659,1654,1698
1694,1679,1646,1648,1649
1706,1692,1699,1669,1656
1700,1640,1652,1637,1629
1671,1700,1696,1622,1624
1699,1706,1656,1711,1669
1707,1684,1686,1662,1608
1692,1711,1706,1699,1669
1715,1707,1684,1686,1662
1705,1683,1670,1676,1666
1695,1665,1714,1655,1644
1710,1694,1679,1704,1649
1701,1663,1651,1635,1667
1698,1661,1691,1636,1627
1702,1680,1647,1664,1625
1707,1715,1686,1717,1662
1696,1702,1641,1723,1647
1701,1721,1663,1651,1635
1710,1694,1720,1679,1646
1693,1689,1690,1668,1677
1711,1716,1692,1706,1699
1686,1707,1724,1662,1712
1724,1707,1686,1730,1715
1727,1710,1720,1694,1679
1726,1667,1701,1664,1680
1717,1715,1724,1731,1707
1678,1672,1703,1684,1643
1723,1702,1680,1664,1725
1718,1705,1683,1676,1670
1731,1707,1724,1686,1730
1712,1700,1652,1713,1637
1703,1735,1678,1684,1672
1708,1687,1676,1683,1666
1697,1704,1718,1705,1737
1730,1712,1739,1738,1686
1734,1715,1717,1724,1731
1736,1723,1702,1680,1664
1742,1697,1704,1718,1705
1731,1738,1724,1707,1744
1736,1723,1745,1702,1680
1737,1718,1705,1742,1746
1748,1723,1736,1702,1725
1743,1712,1730,1739,1700
1749,1737,1718,1742,1746
1688,1685,1681,1653,1709
1747,1738,1731,1724,1707
1743,1751,1730,1738,1712
1739,1712,1700,1751,1743
1750,1748,1736,1723,1702
1735,1740,1678,1719,1695
1748,1757,1736,1745,1750
1756,1739,1700,1712,1751
1741,1708,1687,1737,1722
1758,1719,1735,1695,1665
1733,1745,1736,1759,1748
1726,1733,1763,1701,1721
1761,1741,1708,1722,1687
1729,1716,1711,1692,1706
1757,1750,1759,1725,1748
1746,1742,1704,1697,1752
1757,1759,1750,1748,1767
1729,1711,1706,1766,1714
1768,1720,1732,1704,1727
1767,1757,1769,1750,1759
1764,1726,1733,1763,1721
1740,1703,1735,1684,1734
1713,1760,1696,1725,1671
1728,1693,1689,1690,1677
1775,1713,1760,1756,1696
1744,1734,1774,1717,1715
1771,1732,1727,1720,1710
1758,1762,1735,1740,1774
1778,1744,1754,1734,1747
1756,1760,1739,1751,1712
1782,1760,1756,1739,1751
1752,1749,1737,1718,1746
1784,1737,1749,1752,1761
1753,1776,1681,1685,1688
1769,1759,1757,1772,1748
1763,1787,1745,1759,1748
1776,1728,1675,1674,1693
1753,1786,1688,1685,1681
1780,1758,1735,1774,1740
1785,1761,1765,1741,1784
1777,1783,1760,1775,1782
1766,1770,1729,1716,1711
1794,1770,1766,1729,1711
1789,1794,1766,1675,1776
1770,1795,1794,1766,1714
1775,1767,1777,1772,1725
1782,1783,1756,1760,1751
1789,1776,1796,1728,1693
1794,1795,1766,1770,1797
1795,1794,1797,1770,1801
1784,1785,1752,1749,1792
1793,1777,1775,1783,1760
1802,1797,1795,1770,1794
1722,1698,1691,1709,1682
1806,1709,1698,1691,1682
1798,1775,1777,1804,1793
1806,1807,1722,1698,1709
1790,1753,1786,1807,1709
1772,1767,1769,1787,1798
1778,1781,1744,1774,1734
1763,1773,1764,1788,1733
1810,1790,1786,1753,1807
1791,1780,1758,1774,1735
1806,1809,1807,1722,1765
1765,1792,1761,1741,1785
1774,1812,1778,1815,1791
1813,1773,1764,1763,1726
1815,1791,1780,1818,1774
1792,1785,1817,1803,1761
1798,1811,1808,1767,1772
1793,1783,1799,1804,1782
1815,1820,1780,1791,1758
1809,1806,1807,1816,1722
1779,1771,1768,1732,1727
1825,1809,1806,1807,1816
1826,1768,1771,1779,1746
1797,1805,1802,1770,1795
1786,1776,1790,1814,1800
1827,1825,1807,1809,1806
1824,1815,1820,1780,1791
1810,1814,1790,1753,1807
1781,1812,1778,1754,1747
1822,1811,1798,1772,1808
1799,1782,1755,1751,1783
1813,1819,1788,1763,1773
1825,1827,1831,1806,1809
1831,1827,1825,1807,1838
1823,1804,1793,1783,1799
1835,1811,1822,1787,1772
1837,1813,1819,1788,1763
1833,1810,1814,1790,1786
1835,1822,1841,1811,1798
1820,1815,1824,1832,1791
1819,1842,1837,1813,1773
1842,1837,1819,1813,1846
1838,1839,1831,1827,1825
1803,1784,1828,1785,1821
1812,1818,1778,1834,1781
1849,1803,1784,1821,1785
1818,1845,1850,1820,1815
1850,1852,1818,1812,1845
1808,1844,1822,1798,1835
1842,1837,1847,1813,1819
1839,1848,1831,1827,1838
1834,1812,1850,1781,1836
1851,1849,1803,1821,1784
1817,1816,1838,1848,1821
1859,1817,1821,1792,1765
1801,1794,1796,1795,1802
1829,1805,1802,1797,1795
1855,1842,1837,1841,1788
1852,1845,1820,1853,1815
1863,1855,1842,1837,1847
1858,1851,1821,1849,1803
1836,1799,1823,1840,1782
1867,1836,1799,1823,1782
1846,1847,1819,1842,1837
1867,1868,1836,1799,1823
1862,1829,1805,1797,1802
1855,1865,1842,1837,1863
1866,1858,1851,1821,1849
1861,1801,1794,1796,1862
1830,1800,1776,1789,1796
1859,1860,1816,1838,1817
1830,1843,1814,1833,1786
1840,1823,1870,1867,1854
1874,1861,1862,1801,1871
1879,1874,1861,1862,1871
1880,1879,1874,1861,1862
1866,1873,1860,1821,1859
1864,1845,1852,1820,1815
1854,1844,1835,1822,1808
1843,1833,1810,1856,1877
1883,1832,1845,1824,1864
1873,1866,1858,1851,1882
1884,1854,1844,1835,1822
1884,1888,1854,1878,1844
1882,1860,1866,1873,1887
1885,1856,1843,1839,1833
1848,1856,1838,1839,1831
1849,1858,1851,1828,1887
1878,1840,1889,1823,1870
1853,1850,1852,1864,1883
1890,1882,1873,1866,1860
1826,1828,1893,1779,1771
1890,1896,1882,1860,1866
1884,1888,1889,1854,1844
1874,1875,1861,1879,1796
1892,1856,1891,1848,1839
1883,1886,1864,1845,1832
1902,1883,1864,1886,1845
1857,1834,1868,1870,1867
1894,1878,1870,1867,1840
1891,1885,1901,1843,1856
1896,1898,1890,1882,1873
1904,1857,1834,1868,1895
1871,1862,1829,1886,1881
1869,1846,1847,1872,1819
1900,1875,1874,1861,1879
1888,1899,1884,1889,1854
1871,1909,1862,1881,1880
1892,1876,1901,1848,1859
1877,1875,1830,1885,1843
1908,1895,1904,1857,1850
1886,1902,1909,1903,1883
1917,1909,1886,1913,1871
1872,1865,1863,1855,1842
1901,1891,1906,1892,1856
1918,1909,1917,1886,1913
1897,1893,1826,1828,1779
1894,1889,1878,1905,1899
1917,1886,1902,1918,1903
1880,1879,1881,1874,1861
1877,1885,1915,1906,1891
1919,1872,1910,1855,1865
1904,1908,1868,1870,1867
1916,1908,1895,1904,1857
1903,1902,1883,1924,1886
1923,1889,1899,1884,1912
1926,1885,1906,1877,1891
1893,1887,1858,1873,1851
1875,1911,1915,1900,1877
1919,1927,1865,1863,1872
1922,1897,1893,1826,1828
1907,1887,1896,1933,1898
1925,1880,1879,1881,1874
1927,1919,1935,1872,1865
1930,1903,1895,1883,1902
1940,1930,1903,1902,1883
1928,1904,1908,1868,1870
1933,1937,1887,1907,1873
1922,1893,1936,1933,1897
1912,1935,1888,1899,1884
1938,1925,1879,1874,1900
1940,1941,1895,1929,1916
1935,1945,1919,1939,1927
1942,1928,1904,1908,1929
1944,1893,1933,1922,1936
1945,1948,1935,1912,1888
1938,1925,1946,1880,1881
1918,1917,1921,1924,1909
1941,1930,1940,1903,1902
1898,1896,1890,1907,1882
1931,1899,1912,1923,1889
1937,1907,1955,1896,1898
1934,1915,1875,1926,1877
1931,1956,1923,1889,1899
1929,1916,1949,1908,1904
1956,1959,1931,1912,1899
1951,1945,1961,1912,1956
1920,1901,1906,1891,1892
1953,1924,1917,1918,1921
1952,1938,1925,1946,1913
1946,1938,1952,1911,1900
1963,1932,1906,1920,1891
1965,1913,1952,1909,1938
1957,1955,1937,1907,1898
1955,1969,1957,1898,1937
1958,1934,1915,1875,1926
1942,1949,1928,1904,1908
1939,1927,1919,1935,1948
1905,1959,1894,1923,1878
1961,1956,1962,1959,1931
1943,1933,1950,1937,1944
1944,1950,1936,1922,1897
1963,1967,1920,1906,1901
1968,1965,1913,1909,1952
1971,1958,1934,1915,1875
1960,1929,1949,1916,1972
1973,1939,1948,1935,1927
1979,1953,1964,1968,1921
1967,1932,1978,1926,1963
1980,1971,1958,1934,1915
1965,1968,1979,1952,1938
1972,1974,1942,1949,1928
1977,1950,1944,1936,1922
1981,1960,1949,1929,1972
1983,1953,1964,1979,1921
1959,1956,1961,1975,1931
1985,1980,1971,1958,1934
1964,1954,1953,1924,1930
1976,1943,1933,1937,1957
1963,1914,1978,1892,1901
1948,1982,1935,1973,1951
1972,1949,1989,1981,1942
1978,1963,1967,1995,1984
1979,1968,1983,1986,1990
1997,1989,1981,1949,1972
